"Cluster","ID","Description","GeneRatio","BgRatio","pvalue","p.adjust","qvalue","geneID","Count"
"AD_cluster1","GO:0009060","aerobic respiration","46/769","179/13115",4.81493824592788e-18,2.07860884076707e-14,2.02936976175739e-14,"MDH1/NDUFS1/NDUFB2/DLD/FH/IDH3B/CHCHD2/NDUFC1/COX7A2/NNT/ATP5PB/SDHB/NDUFB3/NDUFA1/COX6B1/NDUFA5/COX7B/PDHA1/MRPS36/CCNB1/COX5B/ISCU/SUCLA2/NDUFB5/NDUFA9/UQCRC2/DLAT/NDUFC2/ATP5F1A/UQCRB/COX6C/NDUFB6/ATP5F1C/GHITM/ATP5PD/PDHB/NDUFS5/UQCRFS1/CYCS/UQCRH/PDE12/BNIP3/UQCR10/NDUFA12/NDUFA4/NDUFS3",46
"AD_cluster1","GO:0045333","cellular respiration","51/769","222/13115",1.29885226026254e-17,2.80357260377669e-14,2.7371602368901e-14,"MDH1/NDUFS1/OPN3/NDUFB2/DLD/FH/IDH3B/CHCHD2/NDUFC1/COX7A2/NNT/COQ10B/ATP5PB/SDHB/NDUFB3/CISD1/NDUFA1/COX6B1/NDUFA5/COX7B/PDHA1/MRPS36/CCNB1/COX5B/ISCU/SUCLA2/NDUFB5/NDUFA9/UQCRC2/DLAT/NDUFC2/ATP5F1A/UQCRB/COX6C/NDUFB6/ATP5F1C/GHITM/ATP5PD/PDHB/NDUFS5/UQCRFS1/CYCS/UQCRH/PDE12/BNIP3/UQCR10/NDUFA12/LYRM7/NDUFA4/ETFRF1/NDUFS3",51
"AD_cluster1","GO:0042773","ATP synthesis coupled electron transport","31/769","93/13115",4.99838871712673e-16,5.39451102295902e-13,5.26672326930932e-13,"NDUFS1/NDUFB2/DLD/CHCHD2/NDUFC1/COX7A2/SDHB/NDUFB3/NDUFA1/COX6B1/NDUFA5/COX7B/CCNB1/COX5B/ISCU/NDUFB5/NDUFA9/UQCRC2/NDUFC2/UQCRB/COX6C/NDUFB6/GHITM/NDUFS5/UQCRFS1/CYCS/UQCRH/UQCR10/NDUFA12/NDUFA4/NDUFS3",31
"AD_cluster1","GO:0042775","mitochondrial ATP synthesis coupled electron transport","31/769","93/13115",4.99838871712673e-16,5.39451102295902e-13,5.26672326930932e-13,"NDUFS1/NDUFB2/DLD/CHCHD2/NDUFC1/COX7A2/SDHB/NDUFB3/NDUFA1/COX6B1/NDUFA5/COX7B/CCNB1/COX5B/ISCU/NDUFB5/NDUFA9/UQCRC2/NDUFC2/UQCRB/COX6C/NDUFB6/GHITM/NDUFS5/UQCRFS1/CYCS/UQCRH/UQCR10/NDUFA12/NDUFA4/NDUFS3",31
"AD_cluster1","GO:0006119","oxidative phosphorylation","36/769","135/13115",6.14158249442402e-15,5.3026423256857e-12,5.17703080161553e-12,"NDUFS1/NDUFB2/DLD/CHCHD2/NDUFC1/COX7A2/ATP5PB/SDHB/NDUFB3/NDUFA1/COX6B1/NDUFA5/COX7B/CCNB1/COX5B/ISCU/NDUFB5/NDUFA9/UQCRC2/NDUFC2/ATP5F1A/UQCRB/COX6C/NDUFB6/ATP5F1C/GHITM/ATP5PD/NDUFS5/UQCRFS1/CYCS/UQCRH/PDE12/UQCR10/NDUFA12/NDUFA4/NDUFS3",36
"AD_cluster1","GO:0015980","energy derivation by oxidation of organic compounds","55/769","295/13115",1.12184858555427e-14,8.07170057306296e-12,7.88049427466542e-12,"MDH1/NDUFS1/OPN3/NDUFB2/DLD/FH/IDH3B/CHCHD2/NDUFC1/COX7A2/NNT/COQ10B/ATP5PB/SDHB/NDUFB3/CISD1/NDUFA1/COX6B1/NDUFA5/COX7B/PDHA1/MRPS36/CCNB1/MRAP2/COX5B/ISCU/SUCLA2/NDUFB5/GABARAPL1/NDUFA9/UQCRC2/DLAT/NDUFC2/ATP5F1A/UQCRB/COX6C/NDUFB6/ATP5F1C/GHITM/ATP5PD/PDHB/NDUFS5/UQCRFS1/UGP2/CYCS/UQCRH/PDE12/BNIP3/EPM2AIP1/UQCR10/NDUFA12/LYRM7/NDUFA4/ETFRF1/NDUFS3",55
"AD_cluster1","GO:0022904","respiratory electron transport chain","32/769","114/13115",4.16807347832601e-14,2.57051045799048e-11,2.50961897852892e-11,"NDUFS1/NDUFB2/DLD/CHCHD2/NDUFC1/COX7A2/SDHB/NDUFB3/NDUFA1/COX6B1/NDUFA5/COX7B/CCNB1/COX5B/ISCU/NDUFB5/NDUFA9/UQCRC2/NDUFC2/UQCRB/COX6C/NDUFB6/GHITM/NDUFS5/UQCRFS1/CYCS/UQCRH/UQCR10/NDUFA12/NDUFA4/ETFRF1/NDUFS3",32
"AD_cluster1","GO:0022900","electron transport chain","38/769","160/13115",6.26390146943577e-14,3.38015783044428e-11,3.30008703731853e-11,"CIAPIN1/NDUFS1/GLRX2/NDUFB2/DLD/IDH3B/CHCHD2/NDUFC1/COX7A2/SDHB/NDUFB3/NDUFA1/COX6B1/NDUFA5/COX7B/LOXL2/CCNB1/COX5B/ISCU/NDUFB5/NDUFA9/UQCRC2/SRD5A1/NDUFC2/UQCRB/COX6C/NDUFB6/GHITM/COX11/NDUFS5/UQCRFS1/CYCS/UQCRH/UQCR10/NDUFA12/NDUFA4/ETFRF1/NDUFS3",38
"AD_cluster1","GO:0019646","aerobic electron transport chain","27/769","86/13115",2.07198371518802e-13,9.93861522051854e-11,9.70318455627232e-11,"NDUFS1/NDUFB2/DLD/NDUFC1/COX7A2/SDHB/NDUFB3/NDUFA1/COX6B1/NDUFA5/COX7B/COX5B/ISCU/NDUFB5/NDUFA9/UQCRC2/NDUFC2/UQCRB/COX6C/NDUFB6/NDUFS5/UQCRFS1/CYCS/UQCRH/UQCR10/NDUFA4/NDUFS3",27
"AD_cluster1","GO:0006091","generation of precursor metabolites and energy","67/769","442/13115",4.68169064043533e-13,2.02108584947593e-10,1.97320940255822e-10,"CIAPIN1/MDH1/NDUFS1/GLRX2/OPN3/NDUFB2/DLD/FH/IDH3B/PRPS2/PGK1/CHCHD2/NDUFC1/TPI1/COX7A2/NNT/GNPDA1/COQ10B/ATP5PB/SDHB/NDUFB3/CISD1/NDUFA1/COX6B1/NDUFA5/COX7B/PDHA1/LOXL2/MRPS36/CCNB1/LDHA/MRAP2/COX5B/ISCU/SUCLA2/NDUFB5/GABARAPL1/ETFBKMT/NDUFA9/UQCRC2/SRD5A1/DLAT/NDUFC2/SLC25A4/ATP5F1A/UQCRB/COX6C/NDUFB6/ATP5F1C/GHITM/COX11/ATP5PD/PDHB/NDUFS5/UQCRFS1/UGP2/CYCS/UQCRH/PDE12/BNIP3/EPM2AIP1/UQCR10/NDUFA12/LYRM7/NDUFA4/ETFRF1/NDUFS3",67
"AD_cluster1","GO:0015986","proton motive force-driven ATP synthesis","21/769","74/13115",8.13269066404906e-10,3.1917114178818e-07,3.11610463338301e-07,"NDUFS1/NDUFB2/NDUFC1/ATP6V1A/ATP5PB/SDHB/NDUFB3/NDUFA1/NDUFA5/NDUFB5/NDUFA9/NDUFC2/ATP5F1A/ATP5MJ/NDUFB6/ATP5F1C/ATP5PD/NDUFS5/ATP5MK/NDUFA12/NDUFS3",21
"AD_cluster1","GO:0009260","ribonucleotide biosynthetic process","36/769","211/13115",5.89170225739515e-09,2.11953988709791e-06,2.06933121391317e-06,"NDUFS1/GUCY1B1/PDK3/NDUFB2/DLD/PRPS2/NDUFC1/ATP6V1A/ATP5PB/SDHB/ELOVL4/NDUFB3/ACSL3/NDUFA1/NDUFA5/PPT1/PDHA1/RFK/NDUFB5/PPCDC/NDUFA9/DLAT/NDUFC2/ATP5F1A/DCK/ATP5MJ/GMPS/NDUFB6/ATP5F1C/ATP5PD/PDHB/NDUFS5/ATP5MK/NDUFA12/NDUFS3/NME1",36
"AD_cluster1","GO:0046390","ribose phosphate biosynthetic process","36/769","217/13115",1.26606004603464e-08,4.0748085224901e-06,3.97828251199063e-06,"NDUFS1/GUCY1B1/PDK3/NDUFB2/DLD/PRPS2/NDUFC1/ATP6V1A/ATP5PB/SDHB/ELOVL4/NDUFB3/ACSL3/NDUFA1/NDUFA5/PPT1/PDHA1/RFK/NDUFB5/PPCDC/NDUFA9/DLAT/NDUFC2/ATP5F1A/DCK/ATP5MJ/GMPS/NDUFB6/ATP5F1C/ATP5PD/PDHB/NDUFS5/ATP5MK/NDUFA12/NDUFS3/NME1",36
"AD_cluster1","GO:0009152","purine ribonucleotide biosynthetic process","34/769","198/13115",1.32145747775912e-08,4.0748085224901e-06,3.97828251199063e-06,"NDUFS1/GUCY1B1/PDK3/NDUFB2/DLD/PRPS2/NDUFC1/ATP6V1A/ATP5PB/SDHB/ELOVL4/NDUFB3/ACSL3/NDUFA1/NDUFA5/PPT1/PDHA1/NDUFB5/PPCDC/NDUFA9/DLAT/NDUFC2/ATP5F1A/ATP5MJ/GMPS/NDUFB6/ATP5F1C/ATP5PD/PDHB/NDUFS5/ATP5MK/NDUFA12/NDUFS3/NME1",34
"AD_cluster1","GO:0042776","proton motive force-driven mitochondrial ATP synthesis","18/769","66/13115",2.62411224840681e-08,7.55219505091479e-06,7.37329504745323e-06,"NDUFS1/NDUFB2/NDUFC1/ATP5PB/SDHB/NDUFB3/NDUFA1/NDUFA5/NDUFB5/NDUFA9/NDUFC2/ATP5F1A/NDUFB6/ATP5F1C/ATP5PD/NDUFS5/NDUFA12/NDUFS3",18
"AD_cluster1","GO:0009165","nucleotide biosynthetic process","40/769","266/13115",3.43937036829396e-08,8.73397757642649e-06,8.52708294405513e-06,"NDUFS1/TBPL1/GUCY1B1/KARS1/PDK3/AK6/NDUFB2/DLD/PRPS2/GARS1/NDUFC1/ATP6V1A/ATP5PB/SDHB/ELOVL4/NDUFB3/ACSL3/NDUFA1/NDUFA5/PPT1/PDHA1/RFK/NDUFB5/PPCDC/NDUFA9/DLAT/NDUFC2/ATP5F1A/DCK/ATP5MJ/GMPS/NDUFB6/ATP5F1C/ATP5PD/PDHB/NDUFS5/ATP5MK/NDUFA12/NDUFS3/NME1",40
"AD_cluster1","GO:1901293","nucleoside phosphate biosynthetic process","40/769","266/13115",3.43937036829396e-08,8.73397757642649e-06,8.52708294405513e-06,"NDUFS1/TBPL1/GUCY1B1/KARS1/PDK3/AK6/NDUFB2/DLD/PRPS2/GARS1/NDUFC1/ATP6V1A/ATP5PB/SDHB/ELOVL4/NDUFB3/ACSL3/NDUFA1/NDUFA5/PPT1/PDHA1/RFK/NDUFB5/PPCDC/NDUFA9/DLAT/NDUFC2/ATP5F1A/DCK/ATP5MJ/GMPS/NDUFB6/ATP5F1C/ATP5PD/PDHB/NDUFS5/ATP5MK/NDUFA12/NDUFS3/NME1",40
"AD_cluster1","GO:0006120","mitochondrial electron transport, NADH to ubiquinone","15/769","50/13115",9.50241584437827e-08,2.27899606667672e-05,2.22501011935033e-05,"NDUFS1/NDUFB2/DLD/NDUFC1/NDUFB3/NDUFA1/NDUFA5/ISCU/NDUFB5/NDUFA9/NDUFC2/NDUFB6/NDUFS5/NDUFA4/NDUFS3",15
"AD_cluster1","GO:0010257","NADH dehydrogenase complex assembly","16/769","59/13115",1.70230936343787e-07,3.67443476098063e-05,3.58739299537117e-05,"NDUFS1/NDUFB2/NDUFC1/NDUFB3/NDUFAF4/NDUFA1/NDUFA5/NDUFB5/NDUFA9/NDUFC2/NDUFB6/NDUFS5/TMEM126A/TMEM126B/NDUFA12/NDUFS3",16
"AD_cluster1","GO:0032981","mitochondrial respiratory chain complex I assembly","16/769","59/13115",1.70230936343787e-07,3.67443476098063e-05,3.58739299537117e-05,"NDUFS1/NDUFB2/NDUFC1/NDUFB3/NDUFAF4/NDUFA1/NDUFA5/NDUFB5/NDUFA9/NDUFC2/NDUFB6/NDUFS5/TMEM126A/TMEM126B/NDUFA12/NDUFS3",16
"AD_cluster1","GO:0006754","ATP biosynthetic process","21/769","98/13115",1.7876021715322e-07,3.67479932119263e-05,3.58774891970674e-05,"NDUFS1/NDUFB2/NDUFC1/ATP6V1A/ATP5PB/SDHB/NDUFB3/NDUFA1/NDUFA5/NDUFB5/NDUFA9/NDUFC2/ATP5F1A/ATP5MJ/NDUFB6/ATP5F1C/ATP5PD/NDUFS5/ATP5MK/NDUFA12/NDUFS3",21
"AD_cluster1","GO:0009206","purine ribonucleoside triphosphate biosynthetic process","22/769","108/13115",2.35147864455702e-07,4.61424241297847e-05,4.50493803483555e-05,"NDUFS1/NDUFB2/NDUFC1/ATP6V1A/ATP5PB/SDHB/NDUFB3/NDUFA1/NDUFA5/NDUFB5/NDUFA9/NDUFC2/ATP5F1A/ATP5MJ/NDUFB6/ATP5F1C/ATP5PD/NDUFS5/ATP5MK/NDUFA12/NDUFS3/NME1",22
"AD_cluster1","GO:0009145","purine nucleoside triphosphate biosynthetic process","22/769","109/13115",2.78619852950511e-07,5.22957350081459e-05,5.10569286596726e-05,"NDUFS1/NDUFB2/NDUFC1/ATP6V1A/ATP5PB/SDHB/NDUFB3/NDUFA1/NDUFA5/NDUFB5/NDUFA9/NDUFC2/ATP5F1A/ATP5MJ/NDUFB6/ATP5F1C/ATP5PD/NDUFS5/ATP5MK/NDUFA12/NDUFS3/NME1",22
"AD_cluster1","GO:0006164","purine nucleotide biosynthetic process","35/769","236/13115",3.49140601279671e-07,6.28016656551808e-05,6.13139898036755e-05,"NDUFS1/GUCY1B1/PDK3/NDUFB2/DLD/PRPS2/NDUFC1/ATP6V1A/ATP5PB/SDHB/ELOVL4/NDUFB3/ACSL3/NDUFA1/NDUFA5/PPT1/PDHA1/NDUFB5/PPCDC/NDUFA9/DLAT/NDUFC2/ATP5F1A/DCK/ATP5MJ/GMPS/NDUFB6/ATP5F1C/ATP5PD/PDHB/NDUFS5/ATP5MK/NDUFA12/NDUFS3/NME1",35
"AD_cluster1","GO:0009259","ribonucleotide metabolic process","51/769","415/13115",3.84397055827919e-07,6.6377683600365e-05,6.48052973277889e-05,"NDUFS1/GUCY1B1/PDK3/NDUFB2/DLD/GMPR2/PRPS2/PGK1/NDUFC1/TPI1/HMGCS1/ATP6V1A/ATP5PB/SDHB/ELOVL4/NDUFB3/GDA/NUDT10/ACSL3/NDUFA1/NDUFA5/PPT1/PDHA1/LDHA/RFK/SUCLA2/NDUFB5/PPCDC/NDUFA9/ATP1B1/ATP6V1B2/DLAT/OXSM/NDUFC2/ATP5F1A/DCK/ATP5MJ/GMPS/NDUFB6/ATP5F1C/ATP5PD/PDHB/NDUFS5/HINT1/NUDT4/ATP5MK/NDUFA12/NUDT11/ENTPD4/NDUFS3/NME1",51
"AD_cluster1","GO:0009150","purine ribonucleotide metabolic process","49/769","398/13115",6.1841665836034e-07,0.000100613974705834,9.82305828175414e-05,"NDUFS1/GUCY1B1/PDK3/NDUFB2/DLD/GMPR2/PRPS2/PGK1/NDUFC1/TPI1/HMGCS1/ATP6V1A/ATP5PB/SDHB/ELOVL4/NDUFB3/GDA/NUDT10/ACSL3/NDUFA1/NDUFA5/PPT1/PDHA1/LDHA/SUCLA2/NDUFB5/PPCDC/NDUFA9/ATP1B1/ATP6V1B2/DLAT/OXSM/NDUFC2/ATP5F1A/ATP5MJ/GMPS/NDUFB6/ATP5F1C/ATP5PD/PDHB/NDUFS5/HINT1/NUDT4/ATP5MK/NDUFA12/NUDT11/ENTPD4/NDUFS3/NME1",49
"AD_cluster1","GO:0009201","ribonucleoside triphosphate biosynthetic process","22/769","114/13115",6.29274337979505e-07,0.000100613974705834,9.82305828175414e-05,"NDUFS1/NDUFB2/NDUFC1/ATP6V1A/ATP5PB/SDHB/NDUFB3/NDUFA1/NDUFA5/NDUFB5/NDUFA9/NDUFC2/ATP5F1A/ATP5MJ/NDUFB6/ATP5F1C/ATP5PD/NDUFS5/ATP5MK/NDUFA12/NDUFS3/NME1",22
"AD_cluster1","GO:0019693","ribose phosphate metabolic process","51/769","423/13115",6.91369819039358e-07,0.000106594411028318,0.00010406935170803,"NDUFS1/GUCY1B1/PDK3/NDUFB2/DLD/GMPR2/PRPS2/PGK1/NDUFC1/TPI1/HMGCS1/ATP6V1A/ATP5PB/SDHB/ELOVL4/NDUFB3/GDA/NUDT10/ACSL3/NDUFA1/NDUFA5/PPT1/PDHA1/LDHA/RFK/SUCLA2/NDUFB5/PPCDC/NDUFA9/ATP1B1/ATP6V1B2/DLAT/OXSM/NDUFC2/ATP5F1A/DCK/ATP5MJ/GMPS/NDUFB6/ATP5F1C/ATP5PD/PDHB/NDUFS5/HINT1/NUDT4/ATP5MK/NDUFA12/NUDT11/ENTPD4/NDUFS3/NME1",51
"AD_cluster1","GO:0009142","nucleoside triphosphate biosynthetic process","23/769","125/13115",8.49948259744512e-07,0.000124391411479723,0.0001214447683125,"NDUFS1/TBPL1/NDUFB2/NDUFC1/ATP6V1A/ATP5PB/SDHB/NDUFB3/NDUFA1/NDUFA5/NDUFB5/NDUFA9/NDUFC2/ATP5F1A/ATP5MJ/NDUFB6/ATP5F1C/ATP5PD/NDUFS5/ATP5MK/NDUFA12/NDUFS3/NME1",23
"AD_cluster1","GO:0072522","purine-containing compound biosynthetic process","35/769","245/13115",8.6442954468188e-07,0.000124391411479723,0.0001214447683125,"NDUFS1/GUCY1B1/PDK3/NDUFB2/DLD/PRPS2/NDUFC1/ATP6V1A/ATP5PB/SDHB/ELOVL4/NDUFB3/ACSL3/NDUFA1/NDUFA5/PPT1/PDHA1/NDUFB5/PPCDC/NDUFA9/DLAT/NDUFC2/ATP5F1A/DCK/ATP5MJ/GMPS/NDUFB6/ATP5F1C/ATP5PD/PDHB/NDUFS5/ATP5MK/NDUFA12/NDUFS3/NME1",35
"AD_cluster1","GO:0006163","purine nucleotide metabolic process","55/769","476/13115",9.86927093388112e-07,0.000134965467534441,0.000131768341076991,"MDH1/NDUFS1/GUCY1B1/PDK3/NDUFB2/DLD/GMPR2/IDH3B/PRPS2/PGK1/NDUFC1/TPI1/HMGCS1/NNT/ATP6V1A/TP53I3/ATP5PB/SDHB/ELOVL4/NDUFB3/GDA/NUDT10/ACSL3/NDUFA1/NDUFA5/PPT1/PDHA1/LDHA/SUCLA2/NDUFB5/PPCDC/NDUFA9/ATP1B1/ATP6V1B2/DLAT/OXSM/NDUFC2/ATP5F1A/GPD1L/DCK/ATP5MJ/GMPS/NDUFB6/ATP5F1C/ATP5PD/PDHB/NDUFS5/HINT1/NUDT4/ATP5MK/NDUFA12/NUDT11/ENTPD4/NDUFS3/NME1",55
"AD_cluster1","GO:1902600","proton transmembrane transport","22/769","117/13115",1.0004389532319e-06,0.000134965467534441,0.000131768341076991,"SLC25A3/ATP6V1D/NNT/ATP6V1A/ATP5PB/ATP6V0B/COX6B1/ATP6V1E1/COX7B/COX5B/ATP1B1/ATP6V1B2/SLC25A4/ATP5F1A/ATP6V1C1/ATP5F1C/ATP5PD/UQCRFS1/UQCRH/ATP6AP2/UQCR10/NDUFA4",22
"AD_cluster1","GO:0032543","mitochondrial translation","23/769","131/13115",1.98601047512414e-06,0.000259806279427604,0.000253651864191294,"MRPS10/MRPS35/GARS1/C1QBP/MRPS30/MRPS25/MRPL35/MRPL44/MRPL47/LRPPRC/YARS2/MRPL9/MRPL17/MRPS18C/GFM1/TRMT10C/MRPS23/NGRN/MRPL30/MRPL21/MRPL42/MRPS17/MRPS21",23
"AD_cluster1","GO:0033108","mitochondrial respiratory chain complex assembly","19/769","99/13115",3.95676009110369e-06,0.000491903881880716,0.000480251427782546,"NDUFS1/NDUFB2/NDUFC1/NDUFB3/NDUFAF4/NDUFA1/NDUFA5/NDUFB5/NDUFA9/NDUFC2/NDUFB6/NDUFS5/UQCRFS1/CHCHD7/TMEM126A/TMEM126B/NDUFA12/LYRM7/NDUFS3",19
"AD_cluster1","GO:0072521","purine-containing compound metabolic process","55/769","498/13115",3.98810189155086e-06,0.000491903881880716,0.000480251427782546,"MDH1/NDUFS1/GUCY1B1/PDK3/NDUFB2/DLD/GMPR2/IDH3B/PRPS2/PGK1/NDUFC1/TPI1/HMGCS1/NNT/ATP6V1A/TP53I3/ATP5PB/SDHB/ELOVL4/NDUFB3/GDA/NUDT10/ACSL3/NDUFA1/NDUFA5/PPT1/PDHA1/LDHA/SUCLA2/NDUFB5/PPCDC/NDUFA9/ATP1B1/ATP6V1B2/DLAT/OXSM/NDUFC2/ATP5F1A/GPD1L/DCK/ATP5MJ/GMPS/NDUFB6/ATP5F1C/ATP5PD/PDHB/NDUFS5/HINT1/NUDT4/ATP5MK/NDUFA12/NUDT11/ENTPD4/NDUFS3/NME1",55
"AD_cluster1","GO:0006099","tricarboxylic acid cycle","10/769","31/13115",6.50563149893455e-06,0.000780133643913901,0.000761653465547776,"MDH1/FH/IDH3B/NNT/SDHB/PDHA1/MRPS36/SUCLA2/DLAT/PDHB",10
"AD_cluster1","GO:0006122","mitochondrial electron transport, ubiquinol to cytochrome c","6/769","13/13115",4.79061070057469e-05,0.00558947740388673,0.00545707119348536,"UQCRC2/UQCRB/UQCRFS1/CYCS/UQCRH/UQCR10",6
"AD_cluster1","GO:0006123","mitochondrial electron transport, cytochrome c to oxygen","7/769","19/13115",6.27208426342927e-05,0.00712541783295373,0.00695662753206947,"COX7A2/COX6B1/COX7B/COX5B/COX6C/CYCS/NDUFA4",7
"AD_cluster1","GO:0140053","mitochondrial gene expression","23/769","163/13115",7.78040141642481e-05,0.00861230587556562,0.00840829346055734,"MRPS10/MRPS35/GARS1/C1QBP/MRPS30/MRPS25/MRPL35/MRPL44/MRPL47/LRPPRC/YARS2/MRPL9/MRPL17/MRPS18C/GFM1/TRMT10C/MRPS23/NGRN/MRPL30/MRPL21/MRPL42/MRPS17/MRPS21",23
"AD_cluster1","GO:0008637","apoptotic mitochondrial changes","16/769","93/13115",9.09197664721639e-05,0.00981251579650829,0.00958007223564591,"GGCT/NDUFS1/VPS35/TMEM14A/PSMD10/BNIP3L/PDCD5/FAM162A/SLC25A4/VDAC2/GHITM/MOAP1/TRIAP1/BNIP3/BLOC1S2/MLLT11",16
"AD_cluster1","GO:0046034","ATP metabolic process","26/769","198/13115",9.36404533932105e-05,0.00985965456825585,0.00962609436165379,"NDUFS1/NDUFB2/PGK1/NDUFC1/TPI1/ATP6V1A/ATP5PB/SDHB/NDUFB3/NDUFA1/NDUFA5/LDHA/NDUFB5/NDUFA9/ATP1B1/ATP6V1B2/NDUFC2/ATP5F1A/ATP5MJ/NDUFB6/ATP5F1C/ATP5PD/NDUFS5/ATP5MK/NDUFA12/NDUFS3",26
"AD_cluster1","GO:0097401","synaptic vesicle lumen acidification","6/769","15/13115",0.000126237940882163,0.0129754569235309,0.0126680881025609,"ATP6V1D/ATP6V1A/ATP6V1E1/ATP6V1B2/ATP6V1C1/ATP6AP2",6
"AD_cluster1","GO:0009199","ribonucleoside triphosphate metabolic process","28/769","228/13115",0.000165352356071705,0.0166006074688733,0.0162073643503331,"NDUFS1/NDUFB2/PGK1/NDUFC1/TPI1/ATP6V1A/ATP5PB/SDHB/NDUFB3/NDUFA1/NDUFA5/LDHA/NDUFB5/NDUFA9/ATP1B1/ATP6V1B2/NDUFC2/ATP5F1A/ATP5MJ/NDUFB6/ATP5F1C/ATP5PD/NDUFS5/ATP5MK/NDUFA12/ENTPD4/NDUFS3/NME1",28
"AD_cluster1","GO:0007006","mitochondrial membrane organization","17/769","108/13115",0.000172602354072423,0.0169346446029694,0.0165334886532532,"TMEM14A/TOMM22/BNIP3L/PDCD5/TIMM8A/AFG3L2/SLC25A4/TOMM70/SLC25A46/VDAC2/GHITM/MOAP1/TOMM20/TOMM5/BNIP3/MTX3/BLOC1S2",17
"AD_cluster1","GO:0009205","purine ribonucleoside triphosphate metabolic process","27/769","221/13115",0.000234063343954171,0.0224544767966701,0.0219225644255555,"NDUFS1/NDUFB2/PGK1/NDUFC1/TPI1/ATP6V1A/ATP5PB/SDHB/NDUFB3/NDUFA1/NDUFA5/LDHA/NDUFB5/NDUFA9/ATP1B1/ATP6V1B2/NDUFC2/ATP5F1A/ATP5MJ/NDUFB6/ATP5F1C/ATP5PD/NDUFS5/ATP5MK/NDUFA12/NDUFS3/NME1",27
"AD_cluster1","GO:0009141","nucleoside triphosphate metabolic process","29/769","245/13115",0.00024144639545935,0.0226592193303916,0.0221224569203487,"NDUFS1/TBPL1/NDUFB2/PGK1/NDUFC1/TPI1/ATP6V1A/ATP5PB/SDHB/NDUFB3/NDUFA1/NDUFA5/LDHA/NDUFB5/NDUFA9/ATP1B1/ATP6V1B2/NDUFC2/ATP5F1A/ATP5MJ/NDUFB6/ATP5F1C/ATP5PD/NDUFS5/ATP5MK/NDUFA12/ENTPD4/NDUFS3/NME1",29
"AD_cluster1","GO:2001258","negative regulation of cation channel activity","8/769","30/13115",0.000248308645155674,0.0228074132156818,0.0222671403181034,"FMR1/PPP3CB/SUMO1/FKBP1B/UBQLN1/CALM2/GSTO1/CALM1",8
"AD_cluster1","GO:0046838","phosphorylated carbohydrate dephosphorylation","6/769","17/13115",0.000282085179931185,0.024852280035978,0.0242635673564869,"BPNT2/OCRL/IMPA1/IMPA2/SYNJ1/INPP5B",6
"AD_cluster1","GO:0046855","inositol phosphate dephosphorylation","6/769","17/13115",0.000282085179931185,0.024852280035978,0.0242635673564869,"BPNT2/OCRL/IMPA1/IMPA2/SYNJ1/INPP5B",6
"AD_cluster1","GO:0009144","purine nucleoside triphosphate metabolic process","27/769","226/13115",0.000336713351065021,0.0290718307309539,0.0283831633192494,"NDUFS1/NDUFB2/PGK1/NDUFC1/TPI1/ATP6V1A/ATP5PB/SDHB/NDUFB3/NDUFA1/NDUFA5/LDHA/NDUFB5/NDUFA9/ATP1B1/ATP6V1B2/NDUFC2/ATP5F1A/ATP5MJ/NDUFB6/ATP5F1C/ATP5PD/NDUFS5/ATP5MK/NDUFA12/NDUFS3/NME1",27
"AD_cluster1","GO:1904816","positive regulation of protein localization to chromosome, telomeric region","5/769","12/13115",0.000383272270261078,0.0324428704062171,0.0316743481966017,"CCT7/CCT6A/CCT8/GNL3/CCT2",5
"AD_cluster1","GO:1904063","negative regulation of cation transmembrane transport","12/769","66/13115",0.000398575653301438,0.033089444140429,0.0323056055833797,"FMR1/PPP3CB/SUMO1/RGS4/FKBP1B/UBQLN1/CAB39/ISCU/CALM2/GSTO1/CALM1/VDAC1",12
"AD_cluster1","GO:0046174","polyol catabolic process","7/769","25/13115",0.000439163770823505,0.0351087036786124,0.0342770319371796,"BPNT2/TPI1/OCRL/IMPA1/IMPA2/SYNJ1/INPP5B",7
"AD_cluster1","GO:0046856","phosphatidylinositol dephosphorylation","7/769","25/13115",0.000439163770823505,0.0351087036786124,0.0342770319371796,"MTMR4/OCRL/MTMR6/SYNJ1/INPP5D/INPP5F/INPP5B",7
"AD_cluster1","GO:0071545","inositol phosphate catabolic process","6/769","19/13115",0.000558984787945161,0.0419581347532846,0.0409642104171151,"BPNT2/OCRL/IMPA1/IMPA2/SYNJ1/INPP5B",6
"AD_cluster1","GO:0071786","endoplasmic reticulum tubular network organization","6/769","19/13115",0.000558984787945161,0.0419581347532846,0.0409642104171151,"RAB18/TMEM33/RTN4/RTN3/RTN1/ARL6IP1",6
"AD_cluster1","GO:0016188","synaptic vesicle maturation","7/769","26/13115",0.000570863225029758,0.0419581347532846,0.0409642104171151,"ATP6V1D/SYP/ATP6V1A/ATP6V1E1/ATP6V1B2/ATP6V1C1/ATP6AP2",7
"AD_cluster1","GO:0007008","outer mitochondrial membrane organization","5/769","13/13115",0.000592876122295659,0.0419581347532846,0.0409642104171151,"TOMM22/PDCD5/TOMM70/TOMM20/TOMM5",5
"AD_cluster1","GO:0045040","protein insertion into mitochondrial outer membrane","5/769","13/13115",0.000592876122295659,0.0419581347532846,0.0409642104171151,"TOMM22/PDCD5/TOMM70/TOMM20/TOMM5",5
"AD_cluster1","GO:0061795","Golgi lumen acidification","5/769","13/13115",0.000592876122295659,0.0419581347532846,0.0409642104171151,"SLC9A7/ATP6V1D/ATP6V1A/ATP6V0B/ATP6AP2",5
"AD_cluster1","GO:0090158","endoplasmic reticulum membrane organization","5/769","13/13115",0.000592876122295659,0.0419581347532846,0.0409642104171151,"LPCAT3/RTN4/VAPB/ARL6IP1/VCPIP1",5
"AD_cluster2","GO:0048667","cell morphogenesis involved in neuron differentiation","68/1037","495/13115",4.5054200691925e-06,0.0229325881521898,0.0215975610474765,"ALS2/PLXND1/MYCBP2/NRXN3/STAU2/NOTCH3/SEMA3A/USP33/PAK3/DNM2/MEF2C/GSK3B/ARHGAP4/NRCAM/HDAC6/TRIOBP/NFATC4/BMP7/MCF2/UNC5B/RAPGEF2/CAPRIN2/UBE3A/ECE1/PLPPR4/SMO/FGF13/PLXNA3/LLGL1/DCLK1/CHL1/LRP4/ADGRB3/EPHA7/NIBAN2/ABI2/PPP3CA/PPFIA2/WDPCP/SLIT2/EPHA5/C9orf72/NOTCH1/KIAA1755/PTPRO/ROBO3/BRAF/PLXNB1/HPRT1/ARHGEF40/MFSD2A/EMB/FEZ2/PTEN/LAMB2/RAPH1/DAG1/NRXN1/SCRIB/SEMA4B/ZDHHC17/LRRK2/NTNG2/PLXNB2/SZT2/ATL1/PLXNB3/GPRASP3",68
"AD_cluster2","GO:0035249","synaptic transmission, glutamatergic","22/1037","101/13115",1.01551093831331e-05,0.0258447533800737,0.0243401937530464,"ALS2/SYT1/MEF2C/HDAC6/RAB3GAP1/PLPPR4/GRIA2/GRIA3/UNC13C/CDH8/GRIA4/GRM1/DGKI/GRIN2C/GRIK2/HCN1/GRM5/NRXN1/PLA2G6/CLN3/LRRK2/GRIN3A",22
"AD_cluster2","GO:0007411","axon guidance","32/1037","187/13115",2.50081104030471e-05,0.0318228204878774,0.0299702459935464,"PLXND1/MYCBP2/NRXN3/NOTCH3/SEMA3A/USP33/NRCAM/HDAC6/BMP7/UNC5B/ECE1/SMO/PLXNA3/CHL1/EPHA7/NIBAN2/SLIT2/EPHA5/NOTCH1/KIAA1755/PTPRO/ROBO3/PLXNB1/ARHGEF40/EMB/FEZ2/LAMB2/DAG1/NRXN1/SEMA4B/PLXNB2/PLXNB3",32
"AD_cluster2","GO:0097485","neuron projection guidance","32/1037","187/13115",2.50081104030471e-05,0.0318228204878774,0.0299702459935464,"PLXND1/MYCBP2/NRXN3/NOTCH3/SEMA3A/USP33/NRCAM/HDAC6/BMP7/UNC5B/ECE1/SMO/PLXNA3/CHL1/EPHA7/NIBAN2/SLIT2/EPHA5/NOTCH1/KIAA1755/PTPRO/ROBO3/PLXNB1/ARHGEF40/EMB/FEZ2/LAMB2/DAG1/NRXN1/SEMA4B/PLXNB2/PLXNB3",32
"AD_cluster2","GO:0042391","regulation of membrane potential","50/1037","355/13115",4.31192794966897e-05,0.0438954265276301,0.0413400418585105,"CTNS/SLC4A8/RIMS1/MEF2C/GSK3B/SLC8B1/NRCAM/SNTA1/ABCD1/PIEZO1/DMPK/AKT2/MYH14/SLC25A36/FGF12/RAB3GAP1/GRIA3/FGF13/TRPM4/PPP3CA/KCNH5/SNCA/CAMK2D/ANK2/GLRA3/GABRA6/AKAP6/GRIA4/GRM1/CACNA2D1/GRIN2C/KCNJ3/GRIK2/HCN1/GPER1/NETO1/GRM5/SCN9A/PTEN/JUP/RIMS2/NRXN1/SLC8A1/CLN3/LRRK2/TRPV1/FLNA/WWP2/RYR2/GRIN3A",50
"ctrl_cluster1","GO:0099003","vesicle-mediated transport in synapse","37/492","205/13115",1.07869133661121e-15,4.03322690758931e-12,3.87647602441122e-12,"SYN1/AP2S1/AP3D1/ATP6AP1/STX1B/DNAJC5/SYP/VPS18/SLC17A7/NAPA/RAB3A/STX1A/DNM1/HPCA/NPY/PACSIN1/SYT5/SYT11/TOR1A/CPLX2/DOC2A/AP3S2/SV2A/ATP6V0D1/CALM3/AP2M1/CDK5/PRRT2/CLSTN1/SNCG/CDK5R1/AP2A2/ACTG1/PRKAR1B/AP2A1/ATP6V1G2/VAMP2",37
"ctrl_cluster1","GO:0099504","synaptic vesicle cycle","33/492","185/13115",5.67293520123677e-14,1.06055523587121e-10,1.01933688300118e-10,"SYN1/AP2S1/AP3D1/ATP6AP1/STX1B/DNAJC5/SYP/VPS18/SLC17A7/NAPA/RAB3A/STX1A/DNM1/NPY/PACSIN1/SYT5/SYT11/TOR1A/CPLX2/DOC2A/AP3S2/SV2A/ATP6V0D1/CALM3/AP2M1/CDK5/PRRT2/SNCG/CDK5R1/ACTG1/PRKAR1B/ATP6V1G2/VAMP2",33
"ctrl_cluster1","GO:0036465","synaptic vesicle recycling","19/492","77/13115",3.88409907855369e-11,4.84088215157075e-08,4.65274184357273e-08,"AP2S1/AP3D1/STX1B/SYP/SLC17A7/RAB3A/STX1A/DNM1/PACSIN1/SYT5/SYT11/TOR1A/AP3S2/CALM3/AP2M1/CDK5/SNCG/ACTG1/VAMP2",19
"ctrl_cluster1","GO:0048488","synaptic vesicle endocytosis","17/492","67/13115",2.60800813463642e-10,2.43783560385139e-07,2.34308941359177e-07,"AP2S1/AP3D1/SYP/SLC17A7/STX1A/DNM1/PACSIN1/SYT5/SYT11/TOR1A/AP3S2/CALM3/AP2M1/CDK5/SNCG/ACTG1/VAMP2",17
"ctrl_cluster1","GO:0140238","presynaptic endocytosis","17/492","69/13115",4.30425302174787e-10,3.21872040966306e-07,3.0936252244731e-07,"AP2S1/AP3D1/SYP/SLC17A7/STX1A/DNM1/PACSIN1/SYT5/SYT11/TOR1A/AP3S2/CALM3/AP2M1/CDK5/SNCG/ACTG1/VAMP2",17
"ctrl_cluster1","GO:0016079","synaptic vesicle exocytosis","18/492","91/13115",5.9372679405468e-09,3.69990747161741e-06,3.55611100860119e-06,"SYN1/STX1B/DNAJC5/SYP/VPS18/NAPA/RAB3A/STX1A/NPY/SYT5/SYT11/CPLX2/DOC2A/SV2A/CALM3/CDK5/PRRT2/VAMP2",18
"ctrl_cluster1","GO:0006836","neurotransmitter transport","23/492","175/13115",1.59432286592979e-07,8.51596170815925e-05,8.1849898711042e-05,"SYN1/STX1B/DNAJC5/SYP/VPS18/SLC17A7/NAPA/RAB3A/STX1A/NPY/SYNGR3/SYT5/SYT11/TOR1A/CPLX2/DOC2A/SV2A/CALM3/CDK5/PRRT2/SNCG/SLC6A17/VAMP2",23
"ctrl_cluster1","GO:0016241","regulation of macroautophagy","21/492","153/13115",2.63811114064429e-07,0.000120429025939263,0.00011574856619604,"CAPN1/TBC1D25/PRKACA/MTMR8/GAPDH/OPTN/VPS26B/UCHL1/ATP13A2/ATP6V0D1/CDK5/PIP4K2C/SNX32/CDK5R1/GBA1/RNF41/ATP6V0C/UBQLN2/TECPR1/ATP6V1G2/PIP4K2B",21
"ctrl_cluster1","GO:0007269","neurotransmitter secretion","19/492","129/13115",3.22088863169999e-07,0.000120429025939263,0.00011574856619604,"SYN1/STX1B/DNAJC5/SYP/VPS18/NAPA/RAB3A/STX1A/NPY/SYT5/SYT11/CPLX2/DOC2A/SV2A/CALM3/CDK5/PRRT2/SNCG/VAMP2",19
"ctrl_cluster1","GO:0099643","signal release from synapse","19/492","129/13115",3.22088863169999e-07,0.000120429025939263,0.00011574856619604,"SYN1/STX1B/DNAJC5/SYP/VPS18/NAPA/RAB3A/STX1A/NPY/SYT5/SYT11/CPLX2/DOC2A/SV2A/CALM3/CDK5/PRRT2/SNCG/VAMP2",19
"ctrl_cluster1","GO:0045055","regulated exocytosis","23/492","195/13115",1.12346848877393e-06,0.000381877152684158,0.00036703554264825,"SYN1/STX1B/DNAJC5/SYP/VPS18/NAPA/RAB3A/STX1A/NPY/SYNGR3/SYT5/SYT11/RAB11FIP5/ARHGAP17/CPLX2/DOC2A/DMTN/SV2A/CALM3/CDK5/PRRT2/SCAMP5/VAMP2",23
"ctrl_cluster1","GO:1903421","regulation of synaptic vesicle recycling","8/492","25/13115",2.28059912521055e-06,0.000710596677430186,0.000682979422234106,"STX1B/SLC17A7/SYT11/TOR1A/CALM3/AP2M1/CDK5/ACTG1",8
"ctrl_cluster1","GO:0048499","synaptic vesicle membrane organization","8/492","26/13115",3.18676144219985e-06,0.000916561617875788,0.00088093955981136,"AP3D1/SYP/RAB3A/STX1A/TOR1A/CPLX2/DOC2A/PRRT2",8
"ctrl_cluster1","GO:0016050","vesicle organization","31/492","336/13115",3.60191471495976e-06,0.000961968508516752,0.000924581717058091,"PTPRN/AP3D1/ATP6AP1/HOOK2/STX1B/SYP/VPS18/RAB3A/STX1A/AP1S1/DNM1/DLG4/SYT11/TMEM127/KIF13A/CPLX2/CHMP7/DOC2A/AP3S2/ATP13A2/ATP6V0D1/VPS11/AP2M1/PEF1/VPS39/PRRT2/ATP6V0C/ATP6V1G2/VAMP2/CHMP1B/PIP4K2B",31
"ctrl_cluster1","GO:0016236","macroautophagy","29/492","307/13115",4.6947880897243e-06,0.00117025417783194,0.00112477238865395,"CAPN1/TBC1D25/PRKACA/MTMR8/GAPDH/OPTN/ARFIP2/RETREG2/CHMP7/VPS26B/UCHL1/ATP13A2/ATP6V0D1/CDK5/VCP/VPS39/PIP4K2C/SNX32/CDK5R1/GBA1/RNF41/ATP6V0C/UBQLN2/ATG9A/TECPR1/ATP6V1G2/PGAM5/CHMP1B/PIP4K2B",29
"ctrl_cluster1","GO:0001505","regulation of neurotransmitter levels","21/492","184/13115",5.5534829139593e-06,0.00129777953845586,0.0012473414913327,"SYN1/STX1B/DNAJC5/SYP/VPS18/NAPA/RAB3A/STX1A/NPY/SYNGR3/SYT5/SYT11/TOR1A/CPLX2/DOC2A/SV2A/CALM3/CDK5/PRRT2/SNCG/VAMP2",21
"ctrl_cluster1","GO:0051588","regulation of neurotransmitter transport","13/492","86/13115",1.76867894321282e-05,0.00351728869021487,0.00338058968437763,"SYN1/STX1B/SYP/VPS18/RAB3A/STX1A/NPY/SYNGR3/SYT11/TOR1A/CPLX2/CALM3/SNCG",13
"ctrl_cluster1","GO:0050804","modulation of chemical synaptic transmission","34/492","417/13115",1.7899097373386e-05,0.00351728869021487,0.00338058968437763,"CX3CL1/SYN1/MAPK8IP2/NCDN/PRKACA/STX1B/SYP/VPS18/RAB3A/STX1A/DNM1/EFNB3/DBN1/NPY/PHF24/YWHAH/DLG4/SYT11/CLSTN3/ARF1/CPLX2/TMEM25/NRGN/CALM3/CHRNB2/CAMKV/CDK5/PRRT2/CHRM1/NPTX1/CLSTN1/SNCG/PRKAR1B/VAMP2",34
"ctrl_cluster1","GO:0006906","vesicle fusion","15/492","112/13115",1.82671865951412e-05,0.00351728869021487,0.00338058968437763,"STX1B/VPS18/RAB3A/STX1A/SYT11/CPLX2/CHMP7/DOC2A/ATP13A2/VPS11/VPS39/PRRT2/VAMP2/CHMP1B/PIP4K2B",15
"ctrl_cluster1","GO:0099177","regulation of trans-synaptic signaling","34/492","418/13115",1.88140609265305e-05,0.00351728869021487,0.00338058968437763,"CX3CL1/SYN1/MAPK8IP2/NCDN/PRKACA/STX1B/SYP/VPS18/RAB3A/STX1A/DNM1/EFNB3/DBN1/NPY/PHF24/YWHAH/DLG4/SYT11/CLSTN3/ARF1/CPLX2/TMEM25/NRGN/CALM3/CHRNB2/CAMKV/CDK5/PRRT2/CHRM1/NPTX1/CLSTN1/SNCG/PRKAR1B/VAMP2",34
"ctrl_cluster1","GO:0090174","organelle membrane fusion","15/492","114/13115",2.26422942706952e-05,0.00403140658467282,0.00387472644812799,"STX1B/VPS18/RAB3A/STX1A/SYT11/CPLX2/CHMP7/DOC2A/ATP13A2/VPS11/VPS39/PRRT2/VAMP2/CHMP1B/PIP4K2B",15
"ctrl_cluster1","GO:0048284","organelle fusion","17/492","145/13115",3.03905896859222e-05,0.00514271778686999,0.00494284667287177,"STX1B/VPS18/RAB3A/STX1A/MTCH2/SYT11/CPLX2/CHMP7/DOC2A/ATP13A2/VPS11/STOML2/VPS39/PRRT2/VAMP2/CHMP1B/PIP4K2B",17
"ctrl_cluster1","GO:0060627","regulation of vesicle-mediated transport","35/492","447/13115",3.16347978331131e-05,0.00514271778686999,0.00494284667287177,"SYN1/AP2S1/ATP9A/STX1B/DNAJC5/SYP/NDRG4/VPS18/SLC17A7/RAB3A/STX1A/HPCA/NPY/PACSIN1/SYT5/DLG4/SYT11/TOR1A/ARF1/CPLX2/DOC2A/ATP13A2/CALM3/VPS11/AP2M1/LRPAP1/CDK5/PRRT2/MAP2K1/CDK5R1/ACTG1/UBQLN2/PRKAR1B/SCAMP5/VAMP2",35
"ctrl_cluster1","GO:1900242","regulation of synaptic vesicle endocytosis","6/492","18/13115",3.41472303683381e-05,0.00531985393113401,0.00511309844199589,"SLC17A7/SYT11/TOR1A/CALM3/AP2M1/ACTG1",6
"ctrl_cluster1","GO:0061025","membrane fusion","17/492","147/13115",3.62977743272428e-05,0.00542869512838243,0.00521770953908239,"STX1B/VPS18/NAPA/RAB3A/STX1A/SYT11/CPLX2/CHMP7/DOC2A/ATP13A2/VPS11/VPS39/PRRT2/CHP1/VAMP2/CHMP1B/PIP4K2B",17
"ctrl_cluster1","GO:0023061","signal release","30/492","367/13115",5.32327600631043e-05,0.00765528037984412,0.00735775882005823,"SYN1/NNAT/PTPRN/PRKACA/STX1B/DNAJC5/SYP/PORCN/VPS18/NAPA/RAB3A/STX1A/NPY/SYT5/SYT11/RAB11FIP5/RBP4/CPLX2/DOC2A/PFKM/SV2A/CALM3/UBE2Q1/CHRNB2/CDK5/STXBP4/PRRT2/C2CD2L/SNCG/VAMP2",30
"ctrl_cluster1","GO:0006887","exocytosis","26/492","298/13115",5.72328491095072e-05,0.00792568973409064,0.007617658746973,"SYN1/ATP9A/STX1B/DNAJC5/SYP/VPS18/NAPA/RAB3A/STX1A/NPY/SYNGR3/SYT5/SYT11/RAB11FIP5/ARHGAP17/CPLX2/DOC2A/DMTN/SV2A/ATP13A2/CALM3/VPS11/CDK5/PRRT2/SCAMP5/VAMP2",26
"ctrl_cluster1","GO:0022411","cellular component disassembly","33/492","426/13115",6.56386990754973e-05,0.00876511056583158,0.00842445558811082,"CX3CL1/TBC1D25/NAPA/GSK3A/STMN1/OPTN/KLC1/ATP5IF1/ARFIP2/HMGA1/DENR/KATNB1/VPS54/RETREG2/CHMP7/DMTN/ATP13A2/APEH/CDK5/VCP/BLCAP/BMERB1/CFL1/GBA1/RNF41/STMN3/SPTAN1/ATG9A/DCTN1/TECPR1/PDXP/TWF2/CHMP1B",33
"ctrl_cluster1","GO:0017156","calcium-ion regulated exocytosis","10/492","60/13115",7.02798286127926e-05,0.00878669350153743,0.00844519970559221,"STX1B/RAB3A/STX1A/SYT5/SYT11/ARHGAP17/DOC2A/CDK5/SCAMP5/VAMP2",10
"ctrl_cluster1","GO:0046928","regulation of neurotransmitter secretion","11/492","72/13115",7.05003490361388e-05,0.00878669350153743,0.00844519970559221,"SYN1/STX1B/SYP/VPS18/RAB3A/STX1A/NPY/SYT11/CPLX2/CALM3/SNCG",11
"ctrl_cluster1","GO:0035493","SNARE complex assembly","6/492","22/13115",0.000120752425684824,0.0145643006334051,0.0139982608247195,"VPS18/STX1A/VPS11/VPS39/PRRT2/VAMP2",6
"ctrl_cluster1","GO:0140029","exocytic process","11/492","77/13115",0.000131656597330435,0.015383250544328,0.0147853823449377,"STX1B/VPS18/NAPA/RAB3A/STX1A/CPLX2/DOC2A/DMTN/SV2A/VPS11/PRRT2",11
"ctrl_cluster1","GO:0050808","synapse organization","32/492","424/13115",0.000137434461197807,0.0155717409217758,0.0149665470663258,"CX3CL1/SYN1/CACNB1/DNAJA3/ICAM5/RAB3A/SPOCK2/CNTNAP1/EFNB3/STK38/DBN1/PCDHB10/PIN1/DLG4/CLSTN3/ARF1/CHRNB2/CAMKV/CDK5/VCP/RAC3/NPTX1/CLSTN1/SYNPO/CFL1/SNCG/SEZ6L2/CDK5R1/AMIGO1/ACTG1/TUBB/DCTN1",32
"ctrl_cluster1","GO:0021700","developmental maturation","22/492","246/13115",0.000147497716851391,0.0162204106855103,0.015590006356986,"CX3CL1/PTPRN/AP3D1/ATP6AP1/PRKACA/ACTL6B/SYP/PPP2R1A/RAB3A/CNTNAP1/TUSC2/DLG4/TUT4/MTCH1/ATP6V0D1/RAC3/CLSTN1/SEZ6L2/CDK5R1/GBA1/YTHDF2/ATP6V1G2",22
"ctrl_cluster1","GO:0046034","ATP metabolic process","19/492","198/13115",0.000166712751550088,0.0178096850870223,0.0171175137982557,"NDUFAB1/PKM/ATP5F1B/GAPDH/ATP5IF1/ALDOA/NDUFC2/PFKM/ATP5MC3/ATP5MJ/HK1/ATP5MC1/VCP/STOML2/PGAM1/DNAJC30/PRKAG1/ATP6V0C/PGAM4",19
"ctrl_cluster1","GO:0009205","purine ribonucleoside triphosphate metabolic process","20/492","221/13115",0.000249558749122922,0.0259194489714057,0.024912092675604,"NDUFAB1/PKM/ATP5F1B/GAPDH/ATP5IF1/RAN/ALDOA/NDUFC2/PFKM/ATP5MC3/ATP5MJ/HK1/ATP5MC1/VCP/STOML2/PGAM1/DNAJC30/PRKAG1/ATP6V0C/PGAM4",20
"ctrl_cluster1","GO:0099072","regulation of postsynaptic membrane neurotransmitter receptor levels","11/492","83/13115",0.000259826624071638,0.0262565337136177,0.0252360766594758,"AP2S1/STX1B/PORCN/HPCA/DLG4/AP2M1/STXBP4/NPTX1/CLSTN1/AP2A2/AP2A1",11
"ctrl_cluster1","GO:0007274","neuromuscular synaptic transmission","5/492","17/13115",0.000309690743893484,0.030027351423034,0.0288603419879332,"RAB3A/FCHSD2/VPS54/CHRNB2/CHRM1",5
"ctrl_cluster1","GO:0090150","establishment of protein localization to membrane","21/492","242/13115",0.000313203184139697,0.030027351423034,0.0288603419879332,"ATP6AP1/STX1B/UBL4A/HPCA/OPTN/EMC1/EMC4/KIF13A/HYOU1/DMTN/CALM3/CDK5/CLSTN1/TOMM20/CDK5R1/ZDHHC22/SRPRA/CHP1/GET3/GDI1/VAMP2",21
"ctrl_cluster1","GO:0016188","synaptic vesicle maturation","6/492","26/13115",0.000327941999038319,0.0305554546833929,0.0293679205780052,"ATP6AP1/SYP/RAB3A/DLG4/ATP6V0D1/ATP6V1G2",6
"ctrl_cluster1","GO:0009144","purine nucleoside triphosphate metabolic process","20/492","226/13115",0.000335055801556327,0.0305554546833929,0.0293679205780052,"NDUFAB1/PKM/ATP5F1B/GAPDH/ATP5IF1/RAN/ALDOA/NDUFC2/PFKM/ATP5MC3/ATP5MJ/HK1/ATP5MC1/VCP/STOML2/PGAM1/DNAJC30/PRKAG1/ATP6V0C/PGAM4",20
"ctrl_cluster1","GO:0009141","nucleoside triphosphate metabolic process","21/492","245/13115",0.00036977428310041,0.0326798437304283,0.0314097454978624,"NDUFAB1/PKM/ATP5F1B/GAPDH/ATP5IF1/RAN/ALDOA/NDUFC2/PFKM/ATP5MC3/ATP5MJ/HK1/ATP5MC1/VCP/STOML2/PGAM1/DNAJC30/DCTPP1/PRKAG1/ATP6V0C/PGAM4",21
"ctrl_cluster1","GO:0009199","ribonucleoside triphosphate metabolic process","20/492","228/13115",0.000375831313294576,0.0326798437304283,0.0314097454978624,"NDUFAB1/PKM/ATP5F1B/GAPDH/ATP5IF1/RAN/ALDOA/NDUFC2/PFKM/ATP5MC3/ATP5MJ/HK1/ATP5MC1/VCP/STOML2/PGAM1/DNAJC30/PRKAG1/ATP6V0C/PGAM4",20
"ctrl_cluster1","GO:0010506","regulation of autophagy","25/492","319/13115",0.000418876260186987,0.0355949622008897,0.0342115682363247,"CAPN1/TBC1D25/PRKACA/EEF1A2/MTMR8/PIM2/GSK3A/GAPDH/OPTN/VPS26B/UCHL1/ATP13A2/ATP6V0D1/CDK5/PIP4K2C/SNX32/CDK5R1/GBA1/RNF41/ATP6V0C/UBQLN2/PSAP/TECPR1/ATP6V1G2/PIP4K2B",25
"ctrl_cluster1","GO:1902600","proton transmembrane transport","13/492","117/13115",0.000437449240687991,0.0362609967863248,0.0348517174669593,"UQCRC1/ATP6AP1/SLC25A3/ATP1A3/ATP5F1B/TACO1/ATP5MC3/ATP5MC1/ATP6V0D1/UQCRFS1/ATP6V0C/CHP1/ATP6V1G2",13
"ctrl_cluster1","GO:0006897","endocytosis","34/492","492/13115",0.000446110150353287,0.0362609967863248,0.0348517174669593,"EHD3/AP2S1/ATP9A/AP3D1/HOOK2/STX1B/SYP/SLC17A7/STX1A/AP1S1/DNM1/HPCA/PACSIN1/SYT5/DLG4/SYT11/TOR1A/FCHSD2/ARF1/AP3S2/CALM3/AP2M1/LRPAP1/CDK5/RAC3/SNCG/GRB2/AP2A2/ACTG1/UBQLN2/AP2A1/SCAMP5/NCKIPSD/VAMP2",34
"ctrl_cluster1","GO:0017158","regulation of calcium ion-dependent exocytosis","7/492","38/13115",0.000460033407940538,0.0365971257933972,0.0351747828602239,"RAB3A/STX1A/SYT5/SYT11/DOC2A/CDK5/SCAMP5",7
"ctrl_cluster1","GO:0006163","purine nucleotide metabolic process","33/492","476/13115",0.000510328517184593,0.0383550958984564,0.0368644296666235,"NDUFAB1/PDK2/PKM/KCNAB2/NT5C2/IDH3B/ATP5F1B/GAPDH/AMPD2/HPCA/ATP5IF1/ACLY/RAN/MDH2/PRPS1/ALDOA/NDUFC2/PFKM/ATP5MC3/ATP5MJ/HK1/ATP5MC1/VCP/STOML2/PGAM1/DNAJC30/PARP10/PRKAG1/ATP6V0C/NUDT11/FITM2/PGAM4/HTD2",33
"ctrl_cluster1","GO:0031630","regulation of synaptic vesicle fusion to presynaptic active zone membrane","4/492","11/13115",0.000523163918379587,0.0383550958984564,0.0368644296666235,"RAB3A/CPLX2/DOC2A/PRRT2",4
"ctrl_cluster1","GO:0046479","glycosphingolipid catabolic process","4/492","11/13115",0.000523163918379587,0.0383550958984564,0.0368644296666235,"HEXB/GBA2/GBA1/NEU1",4
"ctrl_cluster1","GO:1901632","regulation of synaptic vesicle membrane organization","4/492","11/13115",0.000523163918379587,0.0383550958984564,0.0368644296666235,"RAB3A/CPLX2/DOC2A/PRRT2",4
"ctrl_cluster1","GO:0016082","synaptic vesicle priming","5/492","19/13115",0.000546860178410575,0.0391642892738296,0.0376421738378835,"STX1B/NAPA/RAB3A/STX1A/SV2A",5
"ctrl_cluster1","GO:0032412","regulation of monoatomic ion transmembrane transporter activity","19/492","218/13115",0.000565624932010376,0.0391642892738296,0.0376421738378835,"MAPK8IP2/EHD3/CAPN1/CACNB1/PRKACA/THADA/HPCA/YWHAH/DLG4/TACO1/FXYD6/SCN2B/CALM3/CDK5/SCN3B/JSRP1/AMIGO1/CHP1/VAMP2",19
"ctrl_cluster1","GO:0032984","protein-containing complex disassembly","19/492","218/13115",0.000565624932010376,0.0391642892738296,0.0376421738378835,"TBC1D25/NAPA/STMN1/KLC1/HMGA1/KATNB1/CHMP7/DMTN/APEH/VCP/BMERB1/CFL1/GBA1/STMN3/SPTAN1/TECPR1/PDXP/TWF2/CHMP1B",19
"ctrl_cluster1","GO:0007041","lysosomal transport","13/492","122/13115",0.000655012881832379,0.0445289666394775,0.042798353656952,"EHD3/AP3D1/HOOK2/VPS18/KIF13A/VPS54/CHMP7/ATP13A2/VPS11/VCP/VPS39/PSAP/CHMP1B",13
"ctrl_cluster1","GO:0007034","vacuolar transport","15/492","154/13115",0.000677470524680701,0.0452332552103775,0.0434752701364645,"EHD3/AP3D1/HOOK2/VPS18/KIF13A/VPS54/CHMP7/AP3S2/ATP13A2/ATP6V0D1/VPS11/VCP/VPS39/PSAP/CHMP1B",15
"ctrl_cluster2","GO:0048514","blood vessel morphogenesis","66/1006","473/13115",1.29385276548119e-06,0.00649643473548103,0.0060920035999972,"PLXND1/BAK1/HDAC9/PIK3CB/FOXC1/HIPK2/MYLK/TIE1/NOTCH3/BAX/NRCAM/MYH9/NFATC4/CD40/SMAD7/CTSH/TGFB1/RASIP1/RAPGEF2/SASH1/FGF1/EPAS1/AKT3/PLCG1/KDR/NINJ1/ROCK2/HEY2/NIBAN2/EGF/ACVRL1/PML/ERBB2/FKBP10/AKT1/EPHA2/HSPG2/SLIT2/NOTCH1/UBP1/ROBO4/ADAMTS1/S100A1/SHC1/ITGA5/PLCD3/NOS3/MAPK7/STAT3/EFEMP2/PTPRM/VEGFB/CSPG4/JUP/CD34/GLMN/CHRNA7/CLEC14A/CDH5/FOXO4/APOD/EPHB4/FLNA/PDGFA/NOTCH4/EMP2",66
"ctrl_cluster2","GO:0048592","eye morphogenesis","25/1006","121/13115",4.10572814646712e-06,0.00922262710022602,0.00864847870927599,"BAK1/STAU2/HIPK2/BAX/RPGRIP1L/NAGLU/OLFM3/TBC1D20/KDR/GDF11/AHI1/NKD1/EPHA2/CRB2/NOTCH1/ROM1/THRB/HCN1/FAT3/TTC8/MFSD2A/STAT3/PTPRM/COL5A2/TENM3",25
"ctrl_cluster2","GO:0007156","homophilic cell adhesion via plasma membrane adhesion molecules","28/1006","149/13115",7.70266289642594e-06,0.00922262710022602,0.00864847870927599,"CDH10/PIK3CB/CDH7/CDH9/NECTIN2/CNTN6/CDH24/CDH18/ESAM/CDH8/ROBO4/ROBO3/FAT3/PCDH7/PTPRM/CADM2/CDH5/ROBO2/PLXNB3/PCDHA8/PCDHA7/PCDHA4/PCDHA2/PCDHA1/TENM3/PCDHA10/PCDHA3/PECAM1",28
"ctrl_cluster2","GO:0098742","cell-cell adhesion via plasma-membrane adhesion molecules","37/1006","226/13115",8.52621583269329e-06,0.00922262710022602,0.00864847870927599,"CDH10/PIK3CB/WNK1/CDH7/FXYD5/CDH9/FGFRL1/NECTIN2/CNTN6/CDH24/CDH18/CRB2/ESAM/CDH8/ROBO4/ROBO3/UNC5D/ITGA5/FAT3/LRFN5/MAPK7/PCDH7/PTPRM/CADM2/CDH5/ROBO2/MBP/PLXNB3/PCDHA8/PCDHA7/PCDHA4/PCDHA2/PCDHA1/TENM3/PCDHA10/PCDHA3/PECAM1",37
"ctrl_cluster2","GO:0001525","angiogenesis","56/1006","407/13115",1.2593135056006e-05,0.00922262710022602,0.00864847870927599,"PLXND1/HDAC9/PIK3CB/FOXC1/HIPK2/TIE1/NOTCH3/NRCAM/MYH9/NFATC4/CD40/CTSH/RASIP1/SASH1/FGF1/EPAS1/AKT3/PLCG1/KDR/NINJ1/ROCK2/NIBAN2/EGF/ACVRL1/PML/ERBB2/AKT1/EPHA2/HSPG2/SLIT2/NOTCH1/UBP1/ROBO4/ADAMTS1/S100A1/SHC1/ITGA5/PLCD3/NOS3/MAPK7/STAT3/PTPRM/VEGFB/CSPG4/JUP/CD34/CHRNA7/CLEC14A/CDH5/FOXO4/APOD/EPHB4/FLNA/PDGFA/NOTCH4/EMP2",56
"ctrl_cluster2","GO:0007411","axon guidance","32/1006","187/13115",1.36344047736269e-05,0.00922262710022602,0.00864847870927599,"SEMA3F/PLXND1/CNTN1/EPHA3/NOTCH3/SEMA3A/EPHA6/EFNB1/NRCAM/HDAC6/VASP/CNTN6/EPHA7/NIBAN2/ERBB2/GDF7/SLIT2/EPHA5/NOTCH1/PTPRO/ROBO4/ROBO3/PLXNB1/TTC8/ARHGEF40/KIF5B/LAMB2/PTPRM/NRXN1/ROBO2/PLXNB3/CRPPA",32
"ctrl_cluster2","GO:0097485","neuron projection guidance","32/1006","187/13115",1.36344047736269e-05,0.00922262710022602,0.00864847870927599,"SEMA3F/PLXND1/CNTN1/EPHA3/NOTCH3/SEMA3A/EPHA6/EFNB1/NRCAM/HDAC6/VASP/CNTN6/EPHA7/NIBAN2/ERBB2/GDF7/SLIT2/EPHA5/NOTCH1/PTPRO/ROBO4/ROBO3/PLXNB1/TTC8/ARHGEF40/KIF5B/LAMB2/PTPRM/NRXN1/ROBO2/PLXNB3/CRPPA",32
"ctrl_cluster2","GO:1902742","apoptotic process involved in development","11/1006","32/13115",1.46944865169903e-05,0.00922262710022602,0.00864847870927599,"TNFRSF1B/BAK1/FOXC1/TNFRSF1A/BAX/CRYAB/SLIT2/NOTCH1/SCRIB/ROBO2/XKR4",11
"ctrl_cluster2","GO:0060042","retina morphogenesis in camera-type eye","14/1006","51/13115",1.9573106022304e-05,0.0109196183708876,0.0102398249400896,"HIPK2/RPGRIP1L/NAGLU/AHI1/CRB2/NOTCH1/ROM1/THRB/HCN1/FAT3/TTC8/MFSD2A/STAT3/PTPRM",14
"ctrl_cluster2","GO:0048593","camera-type eye morphogenesis","21/1006","102/13115",2.51356341836009e-05,0.012620601923586,0.0118349149161312,"BAK1/HIPK2/BAX/RPGRIP1L/NAGLU/TBC1D20/KDR/GDF11/AHI1/EPHA2/CRB2/NOTCH1/ROM1/THRB/HCN1/FAT3/TTC8/MFSD2A/STAT3/PTPRM/TENM3",21
"ctrl_cluster2","GO:0003176","aortic valve development","11/1006","34/13115",2.8251868182775e-05,0.0128956936496103,0.01209288099345,"TNFRSF1B/TIE1/TNFRSF1A/TGFB1/ROCK2/HEY2/SLIT2/NOTCH1/HEYL/NOS3/ROBO2",11
"ctrl_cluster2","GO:0001974","blood vessel remodeling","11/1006","35/13115",3.8366972182514e-05,0.0158280760096334,0.014842709879787,"BAK1/FOXC1/ATG5/BAX/TGFB1/EPAS1/TMBIM1/ACVRL1/CBS/NOS3/FLNA",11
"ctrl_cluster2","GO:0003177","pulmonary valve development","8/1006","19/13115",4.09808779377084e-05,0.0158280760096334,0.014842709879787,"TNFRSF1B/TNFRSF1A/HEY2/SLIT2/NOTCH1/HEYL/NOS3/ROBO2",8
"ctrl_cluster2","GO:0045765","regulation of angiogenesis","34/1006","217/13115",4.94876079562481e-05,0.0172223227821071,0.016150158765682,"PLXND1/PIK3CB/FOXC1/HIPK2/TIE1/CD40/CTSH/SASH1/FGF1/AKT3/PLCG1/KDR/NINJ1/ROCK2/NIBAN2/ACVRL1/PML/ERBB2/EPHA2/HSPG2/ADAMTS1/S100A1/ITGA5/NOS3/MAPK7/STAT3/PTPRM/VEGFB/JUP/CD34/CHRNA7/CDH5/FOXO4/EMP2",34
"ctrl_cluster2","GO:1905314","semi-lunar valve development","11/1006","36/13115",5.1450874672696e-05,0.0172223227821071,0.016150158765682,"TNFRSF1B/TIE1/TNFRSF1A/TGFB1/ROCK2/HEY2/SLIT2/NOTCH1/HEYL/NOS3/ROBO2",11
"ctrl_cluster2","GO:0046530","photoreceptor cell differentiation","13/1006","49/13115",5.71984603755718e-05,0.01736202757401,0.0162811663305793,"RPGRIP1L/NAGLU/OLFM3/AHI1/NKD1/CRB2/NOTCH1/ROM1/THRB/HCN1/TTC8/MFSD2A/STAT3",13
"ctrl_cluster2","GO:0060219","camera-type eye photoreceptor cell differentiation","9/1006","25/13115",5.8784000947654e-05,0.01736202757401,0.0162811663305793,"RPGRIP1L/NAGLU/CRB2/NOTCH1/ROM1/THRB/HCN1/TTC8/STAT3",9
"ctrl_cluster2","GO:0060561","apoptotic process involved in morphogenesis","8/1006","20/13115",6.37241802360618e-05,0.0177755060536259,0.0166689039880646,"TNFRSF1B/BAK1/FOXC1/TNFRSF1A/BAX/CRYAB/NOTCH1/SCRIB",8
"ctrl_cluster2","GO:0001754","eye photoreceptor cell differentiation","11/1006","37/13115",6.81888386339756e-05,0.018019797830589,0.0168979875462478,"RPGRIP1L/NAGLU/OLFM3/NKD1/CRB2/NOTCH1/ROM1/THRB/HCN1/TTC8/STAT3",11
"ctrl_cluster2","GO:1901342","regulation of vasculature development","34/1006","221/13115",7.2018338554196e-05,0.0180802038940309,0.0169546330712063,"PLXND1/PIK3CB/FOXC1/HIPK2/TIE1/CD40/CTSH/SASH1/FGF1/AKT3/PLCG1/KDR/NINJ1/ROCK2/NIBAN2/ACVRL1/PML/ERBB2/EPHA2/HSPG2/ADAMTS1/S100A1/ITGA5/NOS3/MAPK7/STAT3/PTPRM/VEGFB/JUP/CD34/CHRNA7/CDH5/FOXO4/EMP2",34
"ctrl_cluster2","GO:0043534","blood vessel endothelial cell migration","20/1006","102/13115",8.05119292801336e-05,0.0192500189007405,0.0180516220385984,"HDAC9/MYH9/CD40/TGFB1/AKT3/PLCG1/STAT5A/KDR/P2RX4/ACVRL1/AKT1/EPHA2/SLIT2/NOTCH1/NOS3/JUP/CLEC14A/CDH5/EPHB4/EMP2",20
"ctrl_cluster2","GO:0060078","regulation of postsynaptic membrane potential","22/1006","120/13115",0.000103808395408832,0.0231337498800833,0.0216935739816167,"RIMS1/GSK3B/GLRA2/GRIA3/P2RX4/PPP3CA/AKT1/GABRA6/NLGN4X/GRM1/GRIK2/HCN1/GABRB3/NETO1/GRM5/CHRNB1/CHRNA7/NRXN1/GRIN2A/KCND2/GRIN3A/GRIN2B",22
"ctrl_cluster2","GO:0090596","sensory organ morphogenesis","30/1006","189/13115",0.000105970174714582,0.0231337498800833,0.0216935739816167,"DVL2/BAK1/STAU2/HIPK2/BAX/RPGRIP1L/NAGLU/NHERF1/OLFM3/TBC1D20/KDR/GDF11/AHI1/NKD1/EPHA2/CRB2/NOTCH1/ROM1/THRB/MSX1/HCN1/FAT3/TTC8/MFSD2A/STAT3/PTPRM/TPRN/SCRIB/COL5A2/TENM3",30
"ctrl_cluster2","GO:0003407","neural retina development","14/1006","59/13115",0.000112955478238648,0.0236312273431771,0.0221600813228716,"HIPK2/RPGRIP1L/NAGLU/GDF11/AHI1/CRB2/NOTCH1/ROM1/THRB/HCN1/FAT3/TTC8/STAT3/PTPRM",14
"ctrl_cluster2","GO:0043542","endothelial cell migration","29/1006","187/13115",0.000207348438386257,0.0416438603654958,0.0390513501011254,"PLXND1/HDAC9/PIK3CB/PATZ1/MYH9/CD40/TGFB1/SASH1/FGF1/AKT3/PLCG1/STAT5A/KDR/ROCK2/P2RX4/EGF/ACVRL1/AKT1/EPHA2/SLIT2/NOTCH1/NOS3/PTPRM/JUP/CLEC14A/CDH5/PTP4A3/EPHB4/EMP2",29
"ctrl_cluster2","GO:0003180","aortic valve morphogenesis","9/1006","29/13115",0.00021782740281546,0.0420658226744778,0.0394470434329373,"TIE1/TGFB1/ROCK2/HEY2/SLIT2/NOTCH1/HEYL/NOS3/ROBO2",9
"ctrl_cluster2","GO:0018108","peptidyl-tyrosine phosphorylation","39/1006","282/13115",0.000229621707974749,0.0427011331756005,0.0400428031099825,"FGR/DVL2/CNTN1/EPHA3/ROS1/STYK1/HIPK2/TIE1/TNFRSF1A/MAP2K7/EPHA6/PTPN4/CD40/IL7/TGFB1/CD81/PTPN6/KDR/EPHA7/EGF/TP53/ERBB2/EPHA2/EPHA5/DYRK1A/SHC1/ITGA5/GPRC5B/IGF2/GRM5/CSPG4/BTC/PAK2/FES/HSF1/EPHB4/PDGFA/DDR1/PECAM1",39
"ctrl_cluster2","GO:0018212","peptidyl-tyrosine modification","39/1006","284/13115",0.000265941084284958,0.0476889351498134,0.0447200928573916,"FGR/DVL2/CNTN1/EPHA3/ROS1/STYK1/HIPK2/TIE1/TNFRSF1A/MAP2K7/EPHA6/PTPN4/CD40/IL7/TGFB1/CD81/PTPN6/KDR/EPHA7/EGF/TP53/ERBB2/EPHA2/EPHA5/DYRK1A/SHC1/ITGA5/GPRC5B/IGF2/GRM5/CSPG4/BTC/PAK2/FES/HSF1/EPHB4/PDGFA/DDR1/PECAM1",39
"ctrl_cluster2","GO:0022612","gland morphogenesis","18/1006","95/13115",0.000281996933926781,0.0488243656981506,0.0457848379475314,"PLXND1/BAX/TGFB1/NHERF1/FGF1/TGFB3/PML/EPHA2/GDF7/MSN/NOTCH1/BTRC/RXFP1/SCRIB/CSF1/PDGFA/TGM2/DDR1",18
"ctrl_cluster6","GO:0002181","cytoplasmic translation","12/60","154/13115",3.84213285182285e-12,3.44255103523327e-09,3.38512125997445e-09,"RPL18/RPS15/MIF4GD/RPS11/RPL37/FAU/RPL8/RPL29/RPL27A/RPSA/RPS21/RPLP2",12
"ctrl_cluster7","GO:0008637","apoptotic mitochondrial changes","6/79","93/13115",1.98064467828692e-05,0.0208066730162657,0.0198237100194492,"NDUFS1/VDAC2/GHITM/MOAP1/BNIP3/BLOC1S2",6
"ctrl_cluster7","GO:0097345","mitochondrial outer membrane permeabilization","4/79","32/13115",3.85738238007059e-05,0.0208066730162657,0.0198237100194492,"VDAC2/MOAP1/BNIP3/BLOC1S2",4
"ctrl_cluster7","GO:1902110","positive regulation of mitochondrial membrane permeability involved in apoptotic process","4/79","35/13115",5.54012298196453e-05,0.0208066730162657,0.0198237100194492,"VDAC2/MOAP1/BNIP3/BLOC1S2",4
"ctrl_cluster7","GO:1902686","mitochondrial outer membrane permeabilization involved in programmed cell death","4/79","37/13115",6.92456084514318e-05,0.0208066730162657,0.0198237100194492,"VDAC2/MOAP1/BNIP3/BLOC1S2",4
"ctrl_cluster7","GO:1902108","regulation of mitochondrial membrane permeability involved in apoptotic process","4/79","39/13115",8.54529553709611e-05,0.0208066730162657,0.0198237100194492,"VDAC2/MOAP1/BNIP3/BLOC1S2",4
"ctrl_cluster7","GO:0035794","positive regulation of mitochondrial membrane permeability","4/79","40/13115",9.45152290021972e-05,0.0208066730162657,0.0198237100194492,"VDAC2/MOAP1/BNIP3/BLOC1S2",4
"ctrl_cluster7","GO:0009060","aerobic respiration","7/79","179/13115",9.94175502483687e-05,0.0208066730162657,0.0198237100194492,"NDUFS1/ISCU/ATP5F1A/NDUFB6/GHITM/PDHB/BNIP3",7
"ctrl_cluster7","GO:1905710","positive regulation of membrane permeability","4/79","43/13115",0.000125894496362971,0.0230544296464691,0.0219652766022762,"VDAC2/MOAP1/BNIP3/BLOC1S2",4
"ctrl_cluster7","GO:0046902","regulation of mitochondrial membrane permeability","4/79","50/13115",0.000227553896676159,0.0370407176256193,0.0352908148529342,"VDAC2/MOAP1/BNIP3/BLOC1S2",4
"ctrl_cluster7","GO:0006091","generation of precursor metabolites and energy","10/79","442/13115",0.000306995049594415,0.0419553919743376,0.0399733068137033,"NDUFS1/PGK1/TPI1/ISCU/GABARAPL1/ATP5F1A/NDUFB6/GHITM/PDHB/BNIP3",10
"ctrl_cluster7","GO:0016241","regulation of macroautophagy","6/79","153/13115",0.000315023420967722,0.0419553919743376,0.0399733068137033,"ATP6V1D/ATP6V1E1/MOAP1/PAFAH1B2/BNIP3/VDAC1",6
"ctrl_cluster7","GO:0045333","cellular respiration","7/79","222/13115",0.00037358239524519,0.0438887812632284,0.0418153576109508,"NDUFS1/ISCU/ATP5F1A/NDUFB6/GHITM/PDHB/BNIP3",7
"ctrl_cluster7","GO:0015980","energy derivation by oxidation of organic compounds","8/79","295/13115",0.000389456762062777,0.0438887812632284,0.0418153576109508,"NDUFS1/ISCU/GABARAPL1/ATP5F1A/NDUFB6/GHITM/PDHB/BNIP3",8
"ctrl_cluster7","GO:0090559","regulation of membrane permeability","4/79","60/13115",0.000460362808852705,0.046814840948135,0.0446031823942713,"VDAC2/MOAP1/BNIP3/BLOC1S2",4
"ctrl_cluster7","GO:0007006","mitochondrial membrane organization","5/79","108/13115",0.000479332842472372,0.046814840948135,0.0446031823942713,"VDAC2/GHITM/MOAP1/BNIP3/BLOC1S2",5
"ctrl_cluster7","GO:0006164","purine nucleotide biosynthetic process","7/79","236/13115",0.0005390308529781,0.0493550124758073,0.0470233494111159,"NDUFS1/PPT1/PARP16/ATP5F1A/NDUFB6/PDHB/NME1",7
